key,x,y,width,height,pix_w,pix_h,notes
babel,-2270,9.6,30,22.35,400,298,"Pieter Bruegel der Ältere, 1563"
gilgamesh,-1500,9.4,8,8.84955752212389,226,250,Epic of Gilgamesh
mesha,-839,42.5,6,10.4046242774566,173,300,
oxyrynchus,180,16.9,8,4.85333333333333,300,182,Oxyrhynchus Papyri
p52,120,18.2,4,6.09865470852018,223,340,Rylands Library Papyrus P52
rosetta,-201,43.8,5,6.475,200,259,
