key,x,y,width,height,pix_w,pix_h,notes
history_of_china,1368,41.2,40,9.453125,512,121,from wikipedia
vintageairplane,1880,1.2,30,9.64864864864865,370,119,
laptop,1980,3.2,25,23.2311320754717,424,394,
iphone,2007,4.9,10,20.5056179775281,356,730,
telephone,1870,2.3,15,13.55,300,271,
nuclear,1940,1.55,19,19,500,500,
tv,1930,2.1,13,9.22727272727273,286,203,
signaltower,1910,4.3,8,16.4,100,205,
morse,1830,1,20,7.84313725490196,255,100,
